Endonex 36 EC	İnsektisitler	Sıvı Formülasyonlar	12.12.2001	4039	Endosulfan	360 g/l	Agro Altın	
Methofan 186 EC	İnsektisitler	Sıvı Formülasyonlar	08.12.1994	2773	Endosulfan + Methomyl	180 + 60 g/l	Flogaz	
Thiodan-Methyl	İnsektisitler	Sıvı Formülasyonlar	24.04.1974	985	Endosulfan+Parathion-Methyl	300+128 g/l	Aventis	
Korsulfan-Methyl EC	İnsektisitler	Sıvı Formülasyonlar	30.01.1976	1007	Endosulfan+Parathion-Methyl	300+128 g/l	Koruma	
Hektionex-Methyl EC	İnsektisitler	Sıvı Formülasyonlar	18.08.1977	1114	Endosulfan+Parathion-Methyl	300+128 g/l	Hektaş	
Sulfaron-Methyl EC	İnsektisitler	Sıvı Formülasyonlar	09.01.1986	1858	Endosulfan+Parathion-Methyl	300+128 g/l	Çutamko	
Thiosulfan-Methyl EC	İnsektisitler	Sıvı Formülasyonlar	20.05.1986	1906	Endosulfan+Parathion-Methyl	300+128 gl	Midiltipi	
Thiodan-Methyl	İnsektisitler	Sıvı Formülasyonlar	12.09.1986	1940	Endosolfan+Parathion-Methyl	300+128 g/l	Aventis	
Sulfanex-Methyl	İnsektisitler	Sıvı Formülasyonlar	09.12.1987	2065	Endosulfan+Paration-Methyl	300+128 g/l	Agro-San	
İzodan-Methyl EC	İnsektisitler	Sıvı Formülasyonlar	16.02.1988	2130	Endosulfan+Parathion-Methyl	300+128 g/l	Polisan	
Bayer Endosulfan-Methyl EC 40	İnsektisitler	Sıvı Formülasyonlar	24.02.1988	2135	Endosulfan+Parathion-Methyl	300+128 g/l	Bayer	
Özthiazol-Methyl EC	İnsektisitler	Sıvı Formülasyonlar	03.11.1988	2213	Endosulfan+Parathion-Methyl	300+128 g/l	Ür-Pa	
Endofan-Methyl EC	İnsektisitler	Sıvı Formülasyonlar	02.12.1993	2677	Endosulfan+Parathion-Methyl	300+128 g/l	Basf	
Thio-Methyl EC	İnsektisitler	Sıvı Formülasyonlar	19.02.1997	3093	Endosulfan+Parathion-Methyl	300+128 g/l	Agrikem	
İdosan Methyl EC	İnsektisitler	Sıvı Formülasyonlar	24.06.1997	3194	Endisilfon+Parathion-Methyl	300+128 g/l	İlteriş	
Cansa Endosulfan-Methyl	İnsektisitler	Sıvı Formülasyonlar	29.07.1997	3230	Endosulfan+Parathion-Methyl	300+128 g/l	Cansa	
Parasulfan Methyl	İnsektisitler	Sıvı Formülasyonlar	16.12.1998	3547	Endosulfan+Parathion-Methyl	300+128 g/l	Takimsan	
Orthene 75 SP	İnsektisitler	Suda Çözülebilir Toz Formülasy	06.06.1991	2449	Acephate	%75	Aventis	
Hektaş Asefat 75	İnsektisitler	Suda Çözülebilir Toz Formülasy	15.07.1994	2447	Acephate	%75	Hektaş	
Rodacet %75 SP	İnsektisitler	Suda Çözülebilir Toz Formülasy	25.06.1997	3201	Acephate	%75	Özkan	
Recort 	İnsektisitler	Suda Çözülebilir Toz Formülasy	19.02.1998	3344	Acephate	%75	Koruma	
Gusathion M Dp 2.5	İnsektisitler	Toz Formülasyonlar	08.02.1974	913	Azinphos-Methyl	%2.5	Bayer	
K.Metil Katiniyon 2.5 Dust	İnsektisitler	Toz Formülasyonlar	17.12.1981	1467	Azinphos-Methyl	%2.5	Koruma	
Midiltipi Azinphos-M %2.5 Toz	İnsektisitler	Toz Formülasyonlar	23.03.1982	1500	Azinphos-Methyl	%2.5	Midiltipi	
Azinphos T %2.5 Toz	İnsektisitler	Toz Formülasyonlar	18.09.1985	1802	Azinphos-Methyl	%2.5	Agro-San	
İlteriş Azinpos %2.5 Toz	İnsektisitler	Toz Formülasyonları	25.09.1986	1950	Azinphos-Methyl	%2.5	İlteriş	
Methazin %2.5 Toz	İnsektisitler	Toz formülasyonlar	22.09.1987	2046	Azinphos-Methyl	%2.5	Takimsan	
Catnion'H %2.5 Toz	İnsektisitler	Toz Formülasyonlar	01.07.1998	2169	Azinphos-Methyl	%2.5	Hektaş	
Kimphos 2.5 Toz	İnsektisitler	Toz Formülasyonlar	10.01.1988	2204	Azinphos-Methyl	%2.5	Kimyagerler	
Metnion %2.5 Dust	İnsektisitler	Toz Formülasyonlar	18.05.1998	3413	Azinphos-Methyl	%2.5	Safa	
Azotion 2.5 Toz 	İnsektisitler	Toz Formülasyonlar	22.06.1998	3434	Azinphos-Methyl	%2.5	Polisan	
Gusathion M WP 25 	İnsektisitler	Islanabilir Toz Formülasyonlar	04.07.1963	237	Azinphos-Methyl	%25	Bayer	
Gusathion M WP 25	İnsektisitler	Islanabilir Toz Formülasyonlar	19.07.1967	545	Azimphos-Methyl	%25	Bayer	
K.Meti Kotniyon 25 WP	İnsektisitler	Islanabilir Toz Formülasyonlar	31.01.1974	911	Azinohos-Methyl	%25	Koruma	
Midiltipi Azinphos-M %25 WP	İnsektisitler	Islanabilir Toz Formülasyonlar	26.03.1982	1501	Azinphos-Methyl	%25	Midiltipi	
Methazin 25 WP	İnsektisitler	Islanabilir Toz Formülasyonlar	04.05.1987	2011	Azinphos-Methyl	% 25	Takimsan	
Kimphos 25 WP	İnsektisitler	Islanabilir Toz Formülasyonlar	16.02.1988	2131	Azinphos-Methyl	% 25	Kimyagerler	
Agro-Thion 25 WP	İnsektisitler	Islanabilir Toz Formülasyonlar	30.03.1988	2151	Azinphos-Methyl	% 25	Agro-San	
Cotnion'H % 25 WP	İnsektisitler	Islanabilir Toz Formülasyonlar	09.10.1989	2345	Azinphos-Methyl	% 25	Hektaş	
Metnion 25 WP	İnsektisitler	Islanabilir Toz Formülasyonlar	13.05.1998	3404	Azinphos-Methyl	% 25	Safa	
İlteriş Azinphos Methyl 25 WP	İnsektisitler	Islanabilir Toz Formülasyonlar	01.08.1997	3237	Azinphos-Methyl	% 25	İlteriş	
Azotion 25 WP	İnsektisitler	Islanabilir Toz Formülasyonlar	19.06.1998	3432	Azinphos-Methyl	% 25	Polisan	
Flocotnion M 20 SC	İnsektisitler	Sıvı Formülasyonlar	21.12.1999	3696	Azinphos-Methyl	193 g/l	Flogaz	
Gusathion M EC 20	İnsektisitler	Sıvı Formülasyonlar	28.02.1966	453	Azinphos-Methyl	230 g/l	Bayer	
Gusathion M EC 20	İnsektisitler	Sıvı Formülasyonlar	28.05.1971	747	Azinphos-Methyl	230 g/l	Bayer	
Midiltipi Azinphos-M % 20 EC	İnsektisitler	Sıvı Formülasyonlar	26.03.1979	1499	Azinphos-Methyl	230 g/l	Midiltipi	
K.Metil Kotniyon 23 EM	İnsektisitler	Sıvı Formülasyonlar	16.07.1984	1670	Azinphos-Methyl	230 g/l	Koruma	
Methazin 23 EM	İnsektisitler	Sıvı Formülasyonlar	07.08.1984	1691	Azinphos-Methyl	230 g/l	Takimsan	
Cotnion'H 23 EM	İnsektisitler	Sıvı Formülasyonlar	29.09.1987	2048	Azinphos-Methyl	230 g/l	Hektaş	
Kimphos 20 EC	İnsektisitler	Sıvı Formülasyonlar	08.04.1988	2155	Azinphos-Methyl	230 g/l	Kimyagerler	
Azinphos T 20 EC	İnsektisitler	Sıvı Formülasyonlar	12.08.1988	2181	Azinphos-Methyl	230 g/l 	Agro-San	
Azotion 23 EC	İnsektisitler	Sıvı Formülasyonlar	13.06.1989	2319	Azinphos-Methyl	230 g/l	Polisan	
Bromo EC 40	İnsektisitler	Sıvı Formülasyonlar	19.09.1985	1799	Bromophos	360 g/l	Agro-San	
Birlane % 24 EC	İnsektisitler	Sıvı Formülasyonlar	13.11.1991	2485	Chlorfenvinphos	240 g/l	Atabay	
Birlane 24 EC	İnsektisitler	Sıvı Formülasyonlar	30.12.1994	2784	Chlorfenvinphos	240 g/l	Basf	
Birlane 24 EC 	İnsektisitler	Sıvı Formülasyonlar	15.07.1998	3453	Chlorfenvinphos	240 g/l	Basf	
Birfas 20/150 EC	İnsektisitler	Sıvı Formülasyonlar	02.07.1999	3650	Chlorfenvinphos+Alphacyper	150+020 g/l	Basf	
Birfas 20/150 EC	İnsektisitler	Sıvı Formülasyonlar	29.02.2000	3730	Chlorfenvinphos+Alphacyper	150+020 g/l	Basf	
Korban 2 Dust	İnsektisitler	Toz Formülasyonlar	28.01.1981	1376	Chlorpyrıfos-Ethyl	% 2	Koruma	
Pyrinex 2 Dust	İnsektisitler	Toz Formülasyonlar	24.02.1992	1490	Chlorpyrifos-Ethyl	% 2	Hektaş	
Priban 2 Toz	İnsektisitler	Toz Formülasyonlar	22.05.1986	1907	Chlorpyrifos-Ethyl	% 2	Takimsan	
Terpan 2 Toz	İnsektisitler	Toz Formülasyonlar	11.09.1986	1937	Chlorpyrifos-Ethyl	% 2	Midiltipi	
Agrosban 7 	İnsektisitler	Toz Formülasyonlar	07.04.1987	1992	Chlorpyrifos-Ethyl	% 2	Agro-San	
Massban 2 Dust	İnsektisitler	Toz Formülasyon	20.05.1996	2938	Chlorpyrifos-Ethyl	% 2	Mass	
Megaban	İnsektisitler	Toz Formülasyonlar	06.11.1997	3283	Chlorpyrifos-Ethyl	% 2	Doğal	
Sarban 2 Dust	İnsektisitler	Toz Formülasyonlar	10.07.1998	3444	Chlorpyrifos-Ethyl	% 2	Safa	
Fullban 2 Toz	İnsektisitler	Toz Formülasyonlar	22.06.1998	3435	Chlorpyrifos-Ethyl	% 2	Polisan	
Korban 25 Dust	İnsektisitler	Toz Formülasyonlar	01.07.1981	1408	Chlorpyrifos-Ethyl	% 25	Koruma	
Agrosban 25 Toz	İnsektisitler	Toz Formülasyonlar	18.09.1985	1811	Chlorpyrifos-Ethyl	% 25	Agro-San	
İstban 25 WP	İnsektisitler	Islanabilir Toz Formülasyonlar	10.05.1996	2933	Chlorpyrifos-Ethyl	% 25	İlteriş	
Korban 25 WP	İnsektisitler	Islanabilir Toz Formilasyonlar	17.12.1981	1469	Chlorpyrifos-Ethyl	% 25	Koruma	
Pyrinex 25 WP	İnsektisitler	Islanablir Toz Formülasyonlar	25.03.1981	1394	Chlorpyrifos-Ethyl	% 25	Hektaş	
Pyrinenex 25 WP	İnsektisitler	Islanabilir Toz Formülasyonlar	10.11.1983	1615	Chlorpyrifos-Ethyl	% 25	Hektaş	
Terpan 25 WP	İnsektisitler	Islanabilir Toz Formülasyonlar	19.12.1984	1721	Chlorpyrifos-Ethyl	% 25	Midiltipi	
Priban 25 WP	İnsektisitler	Islanabilir Toz Formülasyonlar	03.01.1986	1857	Chlorpyrifos-Ethyl	% 25	Takimsan	
Agrosban 25 WP	İnsektisitler	Islanabilir Toz Formülasyonlar	07.04.1987	1993	Chlorpyrifos-Ethyl	% 25	Agro-San	
Dursban 25 W	İnsektisitler	Islanabilir Toz Formülasyonlar	03.08.1988	2171	Chlorpyrifos-Ethyl	% 25	Dow AgroSciences	
Dursban 25 W	İnsektisitler	Islanabilir Toz Formülasyonlar	07.05.1993	2633	Chlorpyrifos-Ethyl	% 25	Dow AgroSciences	
Jokker 25 WP	İnsektisitler	Islanabilir Toz Formülasyonlar	25.01.1994	2698	Chlorpyrifos-Ethyl	% 25	Cansa	
Megaban 25 Wp	İnsektisitler	Islanabilir Toz Formülasyonlar	22.07.1994	2751	Chlorpyrifos-Ethyl	% 25	Doğal	
Florban 25 WP	İnsektisitler	Isanabilir Toz Formülasyonlar	01.11.1994	2763	Chlorpyrifos-Ethyl	% 25	Flogaz	
Massban 25 WP	İnsektisitler	Islanabilir Toz Formülasyonlar	05.09.1996	2998	Chlorpyrifos-Ethyl	 % 25	Mass	
Cyren 25 WP	İnsektisitler	Islanabilier Toz Formülasyonla	28.07.1997	3225	Chlorpyrifos-Ethyl	% 25	Aventis	
Cansaban 25 WP	İnsektisitler	Islanabilir Toz Formülasyonlar	29.07.1997	3231	Chlorpyrifos-Ethyl	% 25	Cansa	
Safban 25 WP	İnsektisitler	Islanabilir Toz Formülasyonlar	02.09.1997	3252	Chlorpyrifos-Ethyl	% 25 	Safa	
Megaban 25 WP	İnsektisitler	Islanabilir Toz Formülasyonlar	23.09.1997	3269	Chlorpyrifos-Ethyl	% 25 	Doğal	
Fullban 25 WP	İnsektisitler	Islanabilir Toz Formülasyonlar	19.06.1998	3433	Chlorpyrifos-Ethyl	% 25	Polisan	
Dekban 25 WP	İnsektisitler	Islanabilir Toz Formülasyonlar	09.07.2001	3967	Chlorpyrifos-Ethyl	% 25	Adeko	
Devran 25 WP	İnsektisitler	Islanabilir Toz Formülasyonlar	28.12.2001	4063	Chlorpyrifos-Ethyl	% 25	Pulcu	
Korban 4 	İnsektisitler	Sıvı Formülasyonlar	28.01.1981	1375	Chlorpyrifos-Ethyl	480 g/l	Koruma	
Bayer Endosulfan Toz 5	İnsektisitler	Toz Formilasyonlar	10.04.1974	932	Endosulfan	%5	Bayer	
hektionex %5 Toz	İnsektisitler	Toz Formilasyonlar	01.02.1978	1122	Endisulfan	%5	Hektaş	
sulfanex %5 Toz	İnsektisitler	Toz Formilasyonlar	22.01.1987	1971	Endosulfan	%5	Agro-San	
Thiodan 35 WP	İnsektisitler	Islanabilir Toz Formilasyonlar	05.06.1967	534	Endosulfan	%32.9	Aventis	
Hektionex 35 WP	İnsektisitler	Islanabilir Toz Formilasyonlar	02.04.1979	1274	Endosulfan	%32.9	Hektaş	
Kimyagerler Endosulfan 35 WP	İnsektisitler	Islanabilir Toz Formilasyonlar	29.05.1979	1289	Endosulfan	%32.9	Kimyagerler	
Tihiosulfan 35 WP	İnsektisitler	Islanabilir Toz Formilasyonlar	02.05.1986	1903	Endosulfan	%32,9	Midiltipi	
Sulfanex 35 WP	İnsektisitler	Islanabilir Toz Formilasyonlar	15.09.1986	1945	Endosulfan	%32,9	Agro-San	
Korsulfan 35 WP	İnsektisitler	Islanabilir Toz Formilasyonlar	22.01.1987	1970	Endosulfan	%32,9	Koruma	
Parasulfan 35 WP	İnsektisitler	Islanabilir Toz Formilasyonlar	24.07.1987	2010	Endosulfan	%32,9	Takimsan	
Bayer Endosulfan WP 35	İnsektisitler	Islanabilir Toz Formilasyonlar	10.02.1988	2127	Endosulfan	%32,9	Bayer	
Thiodan 35 WP	İnsektisitler	Islanabilir Toz Formilasyonlar	02.01.1989	2256	Endosulfan	%32,9	Aventis	
Adeko Endosulfan 35 WP	İnsektisitler	Islanabilir Toz Formilasyonlar	02.02.1997	3099	Endosulfan	%32,9	Adeko	
Rhonsonfan   35 WP	İnsektisitler	Islanabilir Toz Formilasyonlar	03.04.1997	3135	Endosülfan	%32.9	Aventis	
Fosforin M	İnsektisitler	EC	11.03.1991	2425	Methyl Parathion	360 gr/lt	Hektaş	
Berko Endesulfan 35 WP	İnsektisitler	Islanabilir Toz Formilasyonlar	13.05.1997	3167	Endosulfan	%32.9	Berko	
İldosülfan 35 wp	İnsektisitler	Islanabilir Toz Formilasyonlar	18.06.1997	3186	Endesülfan	%32.9	İlteriş	
Megasulfan 35 WP	İnsektisitler	Islanabilir Toz Formilasyonlar	29.12.1997	3297	Endesülfan	%32.9	Safa	
Endol 35 WP	İnsektisitler	Islanabilir Toz Formilasyonlar	22.10.1998	3324	Endosülfan	%32.9	Doğal	
Polidan 35 WP	İnsektisitler	Islanabilir Toz Formilasyonlar	27.07.1998	3456	Endosülfan	%32.9	Polisan	
Karaldan 35 WP	İnsektisitler	Islanabilir Toz Formilasyonlar	24.12.1998	3556	Endesülfan	%32.9	Kral Kimya	
Sialan 35 WP	İnsektisitler	Islanabilir Toz Formilasyonlar	06.03.2000	3733	Endesülfan	%32.9	Tancan	
Endonex 35 WP	İnsektisitler	Islanabilir Toz Formilasyonlar	24.08.2000	3816	Endosülfan	%32.9	Ağro Altın	
Pyrinex 48 EC	İnsektisitler	Sıvı Formülasyonlar	25.03.1981	1393	Chlorpyrifos-Ethyl	480 g/l	Hektaş	
Pyrinex 48 EC	İnsektisitler	Sıvı Formülasyonlar	03.02.1984	1638	Chlorpyrifos-Ethyl	480 g/l	Hektaş	
Agrosban 4	İnsektisitler	Sıvı Formülasyonlar	18.09.1985	1812	Chlorpyrifos-Ethyl	480 g/l	Agro-San	
Dursban 4 	İnsektisitler	Sıvı Formülasyonlar	26.09.1985	1828	Chlorpyrifos-Ethyl	480 g/l	Dow AgroSciences	
Priban 48 EC	İnsektisitler	Sıvı Formülasyonlar	23.12.1985	1853	Chlorpyrifos-Ethyl	480 g/l 	Takimsan	
Terpan 4 EC	İnsektisitler	Sıvı Formülasyonlar	16.07.1986	1920	Chlorpyrifos-Ethyl	480 g/l	Midiltipi	
İstban 48 EC,	İnsektisitler	Sıvı Formülasyanlar	18.08.1988	2174	Chlorpyrifos-Ethyl	480 g/l	İlteriş	
Fullban 4 EC	İnsektisitler	Sıvı Formülasyonlar	31.07.1990	2389	Chlorpyrifos-Ethyl	480 g/l	Polisan	
Jokker 4 	İnsektisitler	Sıvı Formülasyonlar	30.11.1993	2674	Chlorpyrifos-Ethyl	480 g/l	Cansa	
Megaban 4	İnsektisitler	Sıvı Formülasyonlar	18.11.2004	4233	Chlorpyrifos-Ethyl	480 g/l	Doğal	
Bullet 48 EC	İnsektisitler	Sıvı Formülasyonlar	01.11.1994	2762	Chlorpyrifos-Ethyl	480 g/l	Monsanto 	
Hilban 4 EC	İnsektisitler	Sıvı Formülasyonlar	30.05.1995	2823	Chlorpyrifos-Ethyl	480 g/l	İzmir Kimya	
Rochlop 48 EC	İnsektisitler	Sıvı Formülasyonlar	18.09.1996	3003	Chlorpyrifos-Ethyl	480 g/l	Özkan	
Ödül Cloroban 4 EC	İnsektisitler	Sıvı Formülasyonlar	17.06.1997	3184	Chlorpyrifos-Ethyl	480 g/l	Ödül Kimya	
Cansaban 48 EC	İnsektisitler	Sıvı Formülasyonlar	11.07.1997	3218	Chlorpyrifos-Ethyl	480 g/l	Cansa	
Dorpan 48 EC	İnsektisitler	Sıvı Formülasyonlar	31.07.1997	3236	Chlorpyrifos-Ethyl	480 g/l	Agrikem	
Safban 4 E	İnsektisitler	Sıvı Formülasyonlar	15.09.1997	3260	Chlorpyrifos-Ethyl	480 g/l	Safa	
Cyren 4 EC	İnsektisitler	Sıvı Formülasyonlar	06.08.1998	3462	Chlorpyrifos-Ethyl	480 g/l	Aventis	
Cpyrifos 48 EC	İnsektisitler	Sıvı Formülasyonlar	27.01.2000	3715	Chlorpyrifos-Ethyl	480 g/l	Lances Link	
Massban 4 EC	İnsektisitler	Sıvı Formülasyonlar	18.02.2000	3725	Chlorpyrifos-Ethyl	480 g/l	Mass	
Falcon 4 EC	İnsektisitler	Sıvı Formülasyonlar	24.08.2000	3815	Chlorpyrifos-Ethyl	480 g/l	Agro Altın	
Robust 4	İnsektisitler	Sıvı Formülasyonlar	10.10.2000	3840	Chlorpyrifos-Ethyl	480 g/l	Tezcan	
Sulban	İnsektisitler	Sıvı Formülasyonlar	22.12.2000	3890	Chlorpyrifos-Ethyl	480 g/l	Agrikem	
Ferban 4	İnsektisitler	Sıvı  Formülasyonlar	09.01.2001	3895	Chlorpyrifos-Ethyl	480 g/l	Fertil	
Chlorfet 48 EC	İnsektisitler	Sıvı  Formülasyonlar	12.11.2001	4016	Chlorpyrifos-Ethyl	480 g/l	Tarsan	
Pyrical 480 EC	İnsektisitler	Sıvı Formülasyonlar	13.11.2001	4017	Chlorpyrifos-Ethyl	480 g/l	NM Agro	
Alkazar 480	İnsektisitler	Sıvı Formülasyonlar	28.12.2001	4062	Chlorpyrifos-Ethyl	480 g/l	Pulcu	
Bestban 4 EC	İnsektisitler	Sıvı Formülasyonlar	26.03.2002	4100	Chlorpyrifos-Ethyl	480 g/l	AgroBest	
Prifos 48 EC 	İnsektisitler	Sıvı Formülasyonlar	11.10.1996	3016	Chlorpyrifos-Ethyl	480 g/l	Atabay	
Nurelle D 50/500	İnsektisitler	Sıvı Formülaasyonlar	13.04.1995	2810	Chlorpyrifos-Ethyl+Cypermet	500+50 g/l	Dow AgroSciences	
Perfect 550	İnsektisitler	Sıvı Formülasyonlar	03.02.1997	3087	Chlorpyrifos-Ethyl+Cypermet	500+50 g/l	Koruma	
Matador Mix 50/500 EC	İnsektisitler	Sıvı Formülasyonlar	17.06.1997	3185	Chlorpyrifos-Ethyl+Cypermet	500+50 g/l	Doğal	
Arriban 55 EC	İnsektisitler	Sıvı Formülasyonlar	09.07.1998	3441	Chlorpyrifos-Ethyl+Cypermet	500+50 g/l	Hektaş	
Direct 50/500 EC	İnsektisitler	Sıvı Formülasyonlar	19.09.2000	3826	Chlorpyrifos-Ethyl+Cypermet	500+50 g/l	Agro-San	
Symbolic 50/500 Ec	İnsektisitler	Sıvı Formülasyonlar	02.04.2001	3926	Chlorpyrifos-Ethyl+Cypermet	500+50 g/l	Tezcan	
Reldan 22 E	İnsektisitler	Sıvı Formülasyonlar	26.09.1985	1827	Chlorpyrifos-Methyl	227 g/l	Dow AgroSciences	
Bazinon 20 EM	İnsektisitler	Sıvı Formülasyonlar	22.03.1973	859	Diazinon	185 g/l	Koruma	
Kimyagerler Bazudin	İnsektisitler	Sıvı Formülasyonlar	16.03.1975	1255	Diazinon	185 g/l	Kimyagerler	
Diazudin 20 EC	İnsektisitler	Sıvı Formülasyonlar	23.12.1982	1549	Diazinon	185 g/l	Midiltipi	
Hekzudin 20 EM	İnsektisitler	Sıvı Formülasyonlar	07.08.1984	1681	Diazinon	185 g/l	Takimsan	
Hezudin 20 eM	İnsektisitler	Sıvı Formülasyonlar	23.08.1984	1702	Diazinon	185 g/l	Hektaş	
Basudin 20 EM	İnsektisitler	Sıvı Formülasyonlar	24.08.1984	1706	Diazinon	185 g/l	Syngenta	
Adizon 20 EC	İnsektisitler	Sıvı Formülasyonlar	19.12.1984	1722	Diazinon	185 g/l	Atabay	
Diazol 20 EC	İnsektisitler	Sıvı Formülasyonlar	29.09.1987	2049	Diazinon	185 g/l	Agro-San	
Dekzinon 185 EC	İnsektisitler	Sıvı Formülasyonlar	18.12.1987	2072	Diazinon	185 g/l	Atabay Kimya	
Polinon 20 EM	İnsektisitler	Sıvı Formülasyonlar	28.01.1988	2116	Diazinon	185 g/l	Polisan	
Arızinon 20 EC	İnsektisitler	Sıvı Formülasyonlar	06.01.1989	2262	Diazinon	185 g/l	Arı Kimya	
Bazimidol 20 EC	İnsektisitler	Sıvı Formülasyonlar	06.02.1995	2796	Diazinon 	185 g/l	İzmir Kimya	
İlteriş Diazinon 20 EC	İnsektisitler	Sıvı Formülasyonlar	23.05.1996	2943	Diazinon	185 g/l	İlteriş	
Cansa Diazinon 20 EC	İnsektisitler	Sıvı Formülasyonlar	29.07.1997	3228	Diazinon	185 g/l	Cansa	
Dart 20 EC	İnsektisitler	Sıvı Formülasyonlar	15.06.1998	3429	Diazinon	185 g/l	Doğal	
Akzinon 20 EM	İnsektisitler	Sıvı Formülasyonlar	20.08.1996	2990	Diazinon 	185 g/l	Aydın Kimya	
Bazinon 63 EM	İnsektisitler	Sıvı Formülasyonlar	09.04.1973	886	Diazinon	630 g/l	Koruma	
Hezudin 63 EM	İnsektisitler	Sıvı Formülasyonlar	30.11.1982	1543	Diazinon	630 g/l	Hektaş	
Basudin 60 EM	İnsektisitler	Sıvı Formülasyonlar	07.04.1983	1576	Diazinon	630 g/l	Syngenta	
Hekzudin 63 EM	İnsektisitler	Sıvı Formülasyonlar	07.08.1984	1682	Diazinon	630 g/l	Takimsan	
Diazol 60 EC	İnsektisitler	Sıvı Formülasyonlar	18.09.1985	1787	Diazinon	630 g/l	Agro-San	
Arizinon 63 EC	İnsektisitler	Sıvı Formülasyonlar	13.02.1989	2278	Diazinon	630 g/l	Arı Kimya	
Flozinon 63 EC	İnsektisitler	Sıvı Formülasyonlar	19.04.1995	2812	Diazinon	630 g/l	Flogaz	
Polinon 63 EC	İnsektisitler	Sıvı Formülasyonlar	22.05.1998	3418	Diazinon	630 g/l	Polisan	
Dart 60 EC	İnsektisitler	Sıvı Formülasyonlar	08.09.1998	3484	Diazinon	630 g/l	Doğal	
Bayer DDVP EC 550	İnsektisitler	Sıvı Formülasyonlar	22.09.1965	427	Dichlorvos	550 g/l	Bayer	
Bayer DDVP EC 550	İnsektisitler	Sıvı Formülasyonlar	15.06.1966	481	Dichlorvos	550 g/l	Bayer	
Koruma DDVP 55 EM	İnsektisitler	Sıvı Formülasyonlar	02.06.1973	882	Dichlorvos	550 g/l	Koruma	
Midiltipi DDVP 50 EC	İnsektisitler	Sıvı Formülasyonlar	04.05.1977	1095	Dichlorvos	550 g/l	Midiltipi	
Atabay  DDVP 550 EC	İnsektisitler	Sıvı Formülasyonlar	25.03.1982	1496	Dichlorvos	550 g/l	Atabay	
Didifos 55 EC	İnsektisitler	Sıvı Formülasyonlar	25.03.1982	1579	Dichlorvos	550 g/l	Hektaş	
Nogos 50 EC	İnsektisitler	Sıvı Formülasyonlar	25.01.1984	1629	Dichlorvos	550 g/l	Syngenta	
Hedefos 55 EC	İnsektisitler	Sıvı Formülasyonlar	07.08.1984	1679	Dichlorvos	550 g/l	Takimsan	
İlteriş DDVP 50 EC	İnsektisitler	Sıvı Formülasyonlar	05.04.1985	1764	Dichlorvos	550 g/l	İlteriş	
Agro-DDVP 50 EC	İnsektisitler	Sıvı Formülasyonlar	18.09.1985	1808	Dichlorvos	550 g/l	Agro-San	
Özer DDVP 50 EC	İnsektisitler	Sıvı Formülasyonlar	11.09.1986	1939	Dichlorvos	550 g/l	Ür-Pa	
Kimyagerler DDVP 50 EC	İnsektisitler	Sıvı Formülasyonlar	27.04.1987	2004	Dichlorvos	550 g/l	Kimyagerler	
Arı DDVP 50 EC	İnsektisitler	Sıvı Formülasyonlar	12.08.1988	2183	Dichlorvos	550 g/l	Arı Kimya	
Poli DDVP 50 EC	İnsektisitler	Sıvı Formülasyonlar	13.02.1989	2280	Dichlorvos	550 g/l	Polisan	
İzo-DDVP 50 EC	İnsektisitler	Sıvı Formülasyonlar	02.12.1993	2678	Dichlorvos	550 g/l	İzmir Kimya	
Festline DDVP 50 EC	İnsektisitler	Sıvı Formülasyonlar	04.07.1994	2739	Dichlorvos	550 g/l	Doğal	
MRK DDVP 50 EC	İnsektisitler	Sıvı Formülasyonlar	06.11.1995	2855	Dichlorvos	550 g/l	Cansa	
Denkavepon 50 EC	İnsektisitler	Sıvı Formülasyonlar	20.05.1996	2936	Dichlorvos	550 g/l	Agrikem	
Aydın DDVP 550 EC	İnsektisitler	Sıvı Formülasyonlar	21.09.1996	2962	Dichlorvos	550 g/l	Aydın Kimya	
Adeko DDVP 50 EC	İnsektisitler	Sıvı Formülasyonlar	11.11.1996	3040	Dichlorvos	550 g/l	Adeko	
Didivip 550 EC	İnsektisitler	Sıvı Formülasyonlar	19.02.1997	3094	Dichlorvos	550 g/l	Agrikem	
Cansa DDVP 550 EC	İnsektisitler	Sıvı Formülasyonlar	25.06.1997	3197	Dichlorvos	550 g/l	Cansa	
Ödül DDVP 550 EC	İnsektisitler	Sıvı Formülasyonlar	27.06.1997	3203	Dichlorvos	550 g/l	Ödül İlaç	
Safa DDVP 550 EC	İnsektisitler	Sıvı Formülasyonlar	21.11.1997	3288	Dichlorvos	550 g/l	Safa	
Sönmez DDVP 55 EM	İnsektisitler	Sıvı Formülasyonlar	11.12.1998	3546	Dichlorvos	550 g/l	Sönmez İlaç	
Farmatek DDVP 550 EC	İnsektisitler	Sıvı Formülasyonlar	03.03.1999	3589	Dichlorvos	550 g/l	Farmatek	
Dedevap 1000 EC	İnsektisitler	Sıvı Formülasyonlar	25.05.1977	1096	Dichlorvos	1000 g/l	Bayer	
Bicron 24 EC	İnsektisitler	Sıvı Formülasyonlar	13.02.1985	1749	Dicrotophos	240 g/l	Hektaş	
Korumagor 40  EC	İnsektisitler	Sıvı Formülasyonlar	18.02.1975	971	Dimethoate	400 g/l	Koruma	
Mitigor 40 EC	İnsektisitler	Sıvı Formülasyonlar	11.05.1978	1153	Dimethoate	400 g/l	Midiltipi	
Heligor 	İnsektisitler	Sıvı Formülasyonlar	07.08.1984	1683	Dimethoate	400 g/l	Takimsan	
Poligor	İnsektisitler	Sıvı Formülasyonlar	07.05.1991	2436	Dimethoate	400 g/l	Hektaş	
Afitrex % 40 EC	İnsektisitler	Sıvı Formülasyonlar	22.07.1991	2458	Dimethoate	400 g/l	Atabay	
Dimeton 40 EC	İnsektisitler	Sıvı Formülasyonlar	08.03.1989	2290	Dimethoate	400 g/l	Agro-San	
Taror 40 EC	İnsektisitler	Sıvı Formülasyonlar	01.09.1986	1944	Dimethoate	400 g/l	Tarımsan	
İzbor 40 EC	İnsektisitler	Sıvı Formülasyonlar	08.01.1988	2094	Dimethoate	400 g/l	Polisan	
Kemidon 40 EC	İnsektisitler	Sıvı Formülasyonlar	13.01.1988	2100	Dimethoate	400 g/l	Kimyagerler	
Afidrex 40 EC	İnsektisitler	Sıvı Formülasyonlar	08.04.1992	2538	Dimethoate	400 g/l	Basf	
Trigon 400 EC	İnsektisitler	Sıvı Formülasyonlar	20.12.1984	1733	Dimethoate	400 g/l	Atabay	
Afidrex  40 EC	İnsektisitler	Sıvı Formülasyonlar	01.03.1996	2895	Dimethoate	400 g/l	Basf	
Romethoate 40 EC	İnsektisitler	Sıvı Formülasyonlar	23.12.1996	3061	Dimethoate	400 g/l	Özkan	
Cansagor 40 EC	İnsektisitler	Sıvı Formülasyonlar	10.07.1997	3214	Dimethoate	400 g/l	Cansa	
Demethion 40 EC	İnsektisitler	Sıvı Formülasyonlar	10.11.1997	3285	Dimethion	400 g/l	Agrikem	
Safagor 40 EC	İnsektisitler	Sıvı Formülasyonlar	08.07.1997	3440	Dimethoate	400 g/l	Safa	
Dumble 40 EC	İnsektisitler	Sıvı Formülasyonlar	06.03.2000	3734	Dimethoate	400 g/l	Doğal	
Dimegor 40 EC	İnsektisitler	Sıvı Formülasyonlar	24.08.2000	3814	Dimethoate	400 g/l	Agro Altın	
Hektaş Delnav	İnsektisitler	Sıvı Formülasyonlar	14.06.1967	536	Dioxathion	240 g/l	Hektaş	
Koksathion 25 EC	İnsektisitler	Sıvı Formülasyonlar	19.01.1973	831	Dioxathion	240 g/l	Koruma	
Koruma EPN EC	İnsektisitler	Sıvı Formülasyonlar	07.10.1988	2202	EPN	490 g/l	Koruma	
Rodakor 50 EC	İnsektisitler	Sıvı Formülasyonlar	02.06.1983	1587	Ethion	500 g/l	Koruma	
Rothion EC	İnsektisitler	Sıvı Formülasyonlar	26.03.1991	2430	Ethion	500 g/l	Hektaş	
Sumol 500 EC	İnsektisitler	Sıvı Formülasyonlar	26.05.1986	1909	Ethion	500 g/l	Atabay	
Rhodocide	İnsektisitler	Sıvı Formülasyonlar	17.08.1988	2187	Ethion	500 g/l	Polisan	
Ethosan 50 EC	İnsektisitler	Sıvı Formülasyonlar	07.10.1988	2205	Ethion	500 g/l	Agro-San	
Fitios	İnsektisitler	Sıvı Formülasyonlar	06.08.1973	899	Ethoate-Methyl	420 g/l	Hektaş	
Komityon % 3 Dust	İnsektisitler	Toz Formülasyonlar	23.02.1976	1012	Fenitrothion	% 3	Koruma	
Rovithion % 3 Toz	İnsektisitler	Toz Formülasyonlar	26.03.1982	1502	Fenitrothion	% 3	Midiltipi	
Nition 3 Dust	İnsektisitler	Toz Formülasyonlar	15.04.1982	1504	Fenitrothion	% 3	Hektaş	
Taktion 3 Toz	İnsektisitler	Toz Formülasyonlar	15.09.1985	1943 	Fenitrothion	% 3	Takimsan	
Feniton %3 Toz	İnsektisitler	Toz Formülasyonlar	18.09.1985	1801	Fenitrothion	% 3	Agro-San	
Kimyan 3 Dust	İnsektisitler	Toz Formülasyonlar	25.12.1987	2078	Fenitrothion	% 3	Kimyagerler	
Adion 3 Dust	İnsektisitler	[null]	15.11.1996	3042	Fenitrothion	% 3	Berko	
Sathion 3 Dust	İnsektisitler	Toz Formülasyonlar	29.12.1997	3310	Fenitrothion	% 3	Safa	
Komityon 40 WP	İnsektisitler	Islanabilir Toz Formülasyonlar	31.03.1973	864	Fenitrothion	% 40	Koruma	
Komityon 55 EC	İnsektisitler	Sıvı Formulasyonlar	29.09.1969	661	Fenitrothion	550 g/l	Koruma	
Nition EM	İnsektisitler	Sıvı Formülasyonlar	24.06.1970	685	Fenitrothion	550 g/l	Hektaş	
Rovithion 50 EC	İnsektisitler	Sıvı Formülasyonlar	01.12.1982	1544	Fenitrothion	550 g/l	Midiltipi	
Feniton 50 EC	İnsektisitler	Sıvı Formülasyonlar	18.09.1985	1803	Fenitrothion	550 g/l	Agro-San	
Taktion 55 EM	İnsektisitler	Sıvı Formülasyonlar	18.03.1989	2289	Fenitrothion	550 g/l	Takimsan	
Ferathion 50 EC	İnsektisitler	Sıvı Formülasyonlar	09.12.1991	2494	Fenitrotion	550 g/l	Polisan	
Adion 550 EC 	İnsektisitler	Sıvı Formülasyonlar	09.06.1997	3180	Fenitrothion	550 g/l	Berko	
Kimyan 50 EC	İnsektisitler	Sıvı Formülasyonlar	20.06.1997	3192	Fenitrothion	550 g/l	Kimyagerler	
Ödül Fenitrothion 550 EC	İnsektisitler	Sıvı Formülasyonlar	27.10.1998	3525	Fenitrothion	550 g/l	Ödül	
Novathion 95 UlV	İnsektisitler	ULV Formülasyonlar	31.07.1971	755	Fenitrothion	950 g/l	Hektaş	
Komityon 95 UlV	İnsektisitler	ULV Formülasyonlar	08.06.1989	2314	Fenitrothion	950 g/l	Koruma	
Feniton 95 UlV	İnsektisitler	ULV Formülasyonlar	06.02.1992	2519	Fenitrothion	950 g/l	Agro-San	
Sumithion l-40	İnsektisitler	ULV Formülasyonlar	29.11.1991	2492	Fenitrothion	400 g/l	Sumitomo	
Komityon 40 UlV	İnsektisitler	ULV Formülasyonlar	18.05.1989	2309	Fenitrothion	400 g/l	Koruma	
Nition UlV 400	İnsektisitler	ULV Formülasyonlar	21.03.1989	2293	Fenitrothion	400 g/l	Hektaş	
Taktion UlV 400	İnsektisitler	ULV Formülasyonlar	09.06.1998	3424	Fenitrothion	400 g/l	Takimsan	
lebaycid Toz % 3	İnsektisitler	Toz Formülasyonlar	28.08.1967	554	Fenthion	% 3	Bayer	
lebaycid EC 50	İnsektisitler	Sıvı Formülasyonlar	01.02.1966	452	Fenthion	535 g/l	Bayer	
lebaycid EC 50	İnsektisitler	Sıvı Formülasyonlar	29.06.1977	1106	Fenthion	525 g/l	Bayer	
Korfen 50 EM	İnsektisitler	Sıvı Formülasyonlar	02.12.1983	1623	Fenthion	525 g/l	Koruma	
Tarphencyd 50 EC	İnsektisitler	Sıvı Formülasyonlar	08.01.1988	2095	Fenthion	525 g/l	Tarımsan	
Dragon EC 50	İnsektisitler	Sıvı Formülasyonlar	26.05.1995	2820	Fenthion	525 g/l	Doğal	
Dentex 50 EM	İnsektisitler	Sıvı Formülasyonlar	03.11.1998	3533 	Fenthion	525 g/l	Safa	
Finest 525 EC	İnsektisitler	Sıvı Formülasyonlar	02.03.2001	3917	Fenthion	525 g/l	Agro-San	
Anthio-33	İnsektisitler	Sıvı Formülasyonlar	16.09.1972	814	Formothion	336 g/l	Syngenta	
Oftanol DS 40	İnsektisitler	Toz Formülasyonlar	10.11.1995	2859	Isophenphos	% 40	Bayer	
Kimyagerler Malathion Dust 2	İnsektisitler	Toz Formülasyonlar	16.08.1967	550	Malathion	% 2	Kimyagerler	
Koruma Malthion Dust 2	İnsektisitler	Toz Formülasyonlar	21.10.1977	1116	Malathion	% 2 g/l	Koruma	
Midiltipi Malathion 2 toz	İnsektisitler	Toz Formülasyonlar	23.06.1987	1917	Malathion	% 2	Midiltipi	
Agro-Mathion % 2 Toz	İnsektisitler	Toz Formülasyonlar	18.12.1987	2071	Malathion	% 2	Agro-San	
Malathion Dust 2	İnsektisitler	Toz Formülasyonlar	01.07.1988	2168	Malathion	% 2	Takimsan	
Hekthion Dust 2	İnsektisitler	Toz Formülasyonlar	24.01.1990	2366	Malathion	% 2	Hektaş	
Mass Malathion %2 Toz	İnsektisitler	Toz Formülasyonlar	20.05.1996	2939	Malathion	% 2	Mass	
Can Malathion	İnsektisitler	Toz Formülasyonlar	25.08.1997	3246	Malathion	% 2	Cansa	
Gold Malathion 2 Dust 	İnsektisitler	Toz Formülasyonlar	15.04.1998	3388	Malathion	% 2	Safa	
Hekthion 5	İnsektisitler	Toz Formülasyonlar	15.08.1967	548	Malathion	% 5 	Hektaş	
Koruma Malathion Dust %5	İnsektisitler	Toz Formülasyonlar	12.08.1969	656	Malathion	% 5	Koruma	
Malathion 5 Dust	İnsektisitler	Toz Formülasyonlar	22.11.1983	1620	Malathion	% 5	Kimyagerler	
Malathoz 5 Toz	İnsektisitler	Toz Formülasyonlar	21.07.1986	1923	Malathion	% 5	Midiltipi	
Malathion WP	İnsektisitler	Islanabilir Toz Formülasyonlar	04.04.1964	306	Malathion	% 25	Koruma	
Hekthion WP 25	İnsektisitler	Islanabilir Toz Formülasyonlar	17.11.1996	506	Malathion	% 25	Hektaş	
Malathion % 25 WP	İnsektisitler	Islanabilir Toz Formülasyonlar	26.10.1967	566	Malathion	% 25	Kimyagerler	
Malathio 25 WP	İnsektisitler	Islanabilir Toz Formülasyonlar	11.04.1974	933	Malathion	% 25	Midiltipi	
Orel 25 WP	İnsektisitler	Islanabilir Toz Formülasyonlar	20.03.1997	3116	Malathion	% 25	Doğal	
Gold Malathion 25 WP	İnsektisitler	Islanabilir Toz Formülasyonlar	24.04.1998	3393	Malathion	% 25	Safa	
Agro-Malathion 25 WP	İnsektisitler	Islanabilir Toz Formülasyonlar	01.08.2000	3801	Malathion	% 25	Agro-San	
Hekthion 20 EM	İnsektisitler	Sıvı Formülasyonlar	30.11.1965	437	Malation 	190 g/l	Hektaş	
Malathion 20 Emülsiyon	İnsektisitler	Sıvı Formülasyonlar	28.08.1967	553	Malathion	190 g/l	Midiltipi	
Atabay Malathion 20 EC	İnsektisitler	Sıvı Formülasyonlar	09.04.1984	1658	Malathion	190 g/l	Atabay	
Malathon 20 EM	İnsektisitler	Sıvı Formülasyonlar	07.08.1984	1689	Malathion	190 g/ l	Takimsan	
Agro-Malathion 20 EC	İnsektisitler	Sıvı Formülasyonlar	18.09.1985	1821	Malathion	190 g/l	Agro-San	
Malaxon 20 EC	İnsektisitler	Sıvı Formülasyonlar	09.03.1988	2144	Malathion	190 g/l	Polisan	
Çiem-Malathion 20 EC	İnsektisitler	Sıvı Formülasyonlar	11.07.1996	2975	Malathion	190 g/l	Aydın Kimya	
İzo-Malathion 20 EC	İnsektisitler	Sıvı Formülasyonlar	19.08.1996	2988	Malathion	190 g/l	İzmir Kimya	
Malapaz 20 EC	İnsektisitler	Sıvı Formülasyonlar	16.10.1996	3023	Malathion	190 g/l	En-Ta	
Safa Malathion 20 EC	İnsektisitler	Sıvı Formülasyonlar	15.09.1997	3261	Malathion	190 g/l	Safa	
Kimyagerler Malathion 20 EC	İnsektisitler	Sıvı Formülasyonlar	21.09.1998	3495	Malathion	190 g/l	Kimyagerler	
Ödül Malathion 190 EC	İnsektisitler	Sıvı Formülasyonlar	14.01.1999	3566	Malathion	190 g/l	Ödül	
Malathion %20 EM	İnsektisitler	Sıvı Formülasyonlar	18.09.2001	3992	Malathion	190 g/l	Koruma	
Sityon 	İnsektisitler	Sıvı Formülasyonlar	03.12.1971	769	Malathion	500 g/l	Koruma	
Malathol 60 Emülsiyon	İnsektisitler	Sıvı Formülasyonlar	03.03.1967	518	Malathion	650 g/l	Midiltipi	
Malathion 60 Emülsiyon	İnsektisitler	Sıvı Formülasyonlar	24.06.1968	603	Malathion	650 g/l	Kimyagerler	